{
  "input_csv": "C:\\Users\\X\\stress_prediction_heartpy\\data\\processed\\ephnogram_features.csv",
  "engineered_csv": "C:\\Users\\X\\stress_prediction_heartpy\\data\\processed\\ephnogram_features_engineered.csv",
  "f1_drop_threshold": 0.02,
  "winner_f1_macro": "C (minimal 5)",
  "recommended_min_features": "C (minimal 5)",
  "experiments": [
    {
      "experiment": "A (all 11)",
      "n_features": 11,
      "features": [
        "bpm",
        "ibi",
        "sdnn",
        "rmssd",
        "sdsd",
        "pnn20",
        "pnn50",
        "hr_mad",
        "sd1",
        "sd2",
        "breathing_rate"
      ],
      "accuracy_mean": 0.9645833333333335,
      "accuracy_std": 0.08306380022252419,
      "f1_macro_mean": 0.8441184580183485,
      "f1_macro_std": 0.24365186398120328,
      "roc_auc_pooled": 0.9929804634257157,
      "fold_accuracy": [
        1.0,
        1.0,
        1.0,
        0.7333333333333333,
        1.0,
        0.9583333333333334,
        0.6666666666666666,
        1.0,
        1.0,
        1.0,
        1.0,
        1.0,
        1.0,
        1.0,
        1.0,
        1.0,
        0.9583333333333334,
        0.9333333333333333,
        1.0,
        0.9666666666666667,
        1.0,
        1.0,
        0.9333333333333333,
        1.0
      ],
      "fold_f1_macro": [
        1.0,
        1.0,
        1.0,
        0.4230769230769231,
        1.0,
        0.48936170212765956,
        0.4,
        1.0,
        1.0,
        1.0,
        1.0,
        1.0,
        1.0,
        1.0,
        1.0,
        1.0,
        0.48936170212765956,
        0.4827586206896552,
        1.0,
        0.4915254237288136,
        1.0,
        1.0,
        0.4827586206896552,
        1.0
      ]
    },
    {
      "experiment": "B (reduced 7)",
      "n_features": 7,
      "features": [
        "bpm",
        "ibi",
        "pnn20",
        "rmssd",
        "sd1",
        "hr_mad",
        "sdnn"
      ],
      "accuracy_mean": 0.9753472222222221,
      "accuracy_std": 0.06827399043604913,
      "f1_macro_mean": 0.8680596683266733,
      "f1_macro_std": 0.22911028989426124,
      "roc_auc_pooled": 0.9932682114190519,
      "fold_accuracy": [
        1.0,
        1.0,
        1.0,
        1.0,
        1.0,
        0.9166666666666666,
        0.6666666666666666,
        1.0,
        1.0,
        1.0,
        1.0,
        1.0,
        1.0,
        1.0,
        1.0,
        1.0,
        0.9583333333333334,
        0.9666666666666667,
        1.0,
        0.9666666666666667,
        1.0,
        1.0,
        0.9333333333333333,
        1.0
      ],
      "fold_f1_macro": [
        1.0,
        1.0,
        1.0,
        1.0,
        1.0,
        0.4782608695652174,
        0.4,
        1.0,
        1.0,
        1.0,
        1.0,
        1.0,
        1.0,
        1.0,
        1.0,
        1.0,
        0.48936170212765956,
        0.4915254237288136,
        1.0,
        0.4915254237288136,
        1.0,
        1.0,
        0.4827586206896552,
        1.0
      ]
    },
    {
      "experiment": "C (minimal 5)",
      "n_features": 5,
      "features": [
        "bpm",
        "ibi",
        "pnn20",
        "rmssd",
        "sd1"
      ],
      "accuracy_mean": 0.9770833333333334,
      "accuracy_std": 0.06728231359147976,
      "f1_macro_mean": 0.8685222030167751,
      "f1_macro_std": 0.22833277159459106,
      "roc_auc_pooled": 0.9932833560502803,
      "fold_accuracy": [
        1.0,
        1.0,
        1.0,
        1.0,
        1.0,
        0.9583333333333334,
        0.6666666666666666,
        1.0,
        1.0,
        1.0,
        1.0,
        1.0,
        1.0,
        1.0,
        1.0,
        1.0,
        0.9583333333333334,
        0.9666666666666667,
        1.0,
        0.9666666666666667,
        1.0,
        1.0,
        0.9333333333333333,
        1.0
      ],
      "fold_f1_macro": [
        1.0,
        1.0,
        1.0,
        1.0,
        1.0,
        0.48936170212765956,
        0.4,
        1.0,
        1.0,
        1.0,
        1.0,
        1.0,
        1.0,
        1.0,
        1.0,
        1.0,
        0.48936170212765956,
        0.4915254237288136,
        1.0,
        0.4915254237288136,
        1.0,
        1.0,
        0.4827586206896552,
        1.0
      ]
    },
    {
      "experiment": "D (engineered 9)",
      "n_features": 9,
      "features": [
        "bpm",
        "ibi",
        "sdnn",
        "rmssd",
        "pnn20",
        "hr_mad",
        "sd1_sd2_ratio",
        "baevsky_proxy",
        "pnn20_normalized"
      ],
      "accuracy_mean": 0.9770833333333334,
      "accuracy_std": 0.06728231359147976,
      "f1_macro_mean": 0.8685222030167751,
      "f1_macro_std": 0.22833277159459106,
      "roc_auc_pooled": 0.9901711343328791,
      "fold_accuracy": [
        1.0,
        1.0,
        1.0,
        1.0,
        1.0,
        0.9583333333333334,
        0.6666666666666666,
        1.0,
        1.0,
        1.0,
        1.0,
        1.0,
        1.0,
        1.0,
        1.0,
        1.0,
        0.9583333333333334,
        0.9666666666666667,
        1.0,
        0.9666666666666667,
        1.0,
        1.0,
        0.9333333333333333,
        1.0
      ],
      "fold_f1_macro": [
        1.0,
        1.0,
        1.0,
        1.0,
        1.0,
        0.48936170212765956,
        0.4,
        1.0,
        1.0,
        1.0,
        1.0,
        1.0,
        1.0,
        1.0,
        1.0,
        1.0,
        0.48936170212765956,
        0.4915254237288136,
        1.0,
        0.4915254237288136,
        1.0,
        1.0,
        0.4827586206896552,
        1.0
      ]
    }
  ]
}