feature,importance
ibi,0.4224837537399844
bpm,0.4187441357229596
pnn20,0.08341400026033852
sd1,0.03802340575500915
rmssd,0.037334704521708256
