feature,importance
bpm,0.3691497278809345
ibi,0.33604718621670077
pnn20,0.08085898087168611
rmssd,0.06817219603184871
sd1,0.05392421099326811
sdsd,0.03271832058825606
hr_mad,0.022030864096412892
sdnn,0.014763444967544007
sd2,0.013287111681617239
pnn50,0.007139368467943523
breathing_rate,0.0019085882037880376
